12309-G,M0004
12309-S,EC001
1301-0061,fba-EC009
15063-1-g,fba-EC100
15109-1-g,EC100
15109-1-s,A2016
15124,A2068
15157-1,C0030
15224-G,EC101
15228-1-g,EC106
15228-1-s,A1048
15258-G,A1020
15258-S,A4004
15423-G,M1015
15423-S,C0024
15427-G,k13743-black
15427-S,15224-G
15496-1-g,M2001-P2004-04green
15496-1-s,A5006-1
15510,M1017
20025,P1015
20025-s,F1301
20028-G,F3126
20028-S,EC007
20086-1-g,fba-EC107
20086-1-s,EC107
20135-B,QNW2036
20135-W,M1008
80015,A5013
80067,C0039
80069-G,C2048
80069-S,P0003
9D-LXJE-9IAJ,C0013
A1006,15423-S
A1006-1,15427-G
A1010-A1044-black,M2001-P2004-01red
A1010-A1044-red,M2005-1
A1016-A1020-16brown,A2043-1
A1020,15157-1
A1040,C0039-1
A1040-1,C0003-1
A1044,qnw6109-black
A1048,
A2016,
A2043,
A2043-1,
A2068,
A2068-1,
A3012,
A4004,
A4004-1,
A4020,
A4047,
A5006,
A5006-1,
A5011,
A5012,
A5013,
A6015,
C0002,
C0002-1,
C0003,
C0003-1,
C0005,
C0005-1,
C0013,
C0013-1,
C0021,
C0024,
C0030,
C0030-1,
C0037,
C0037-1,
C0039,
C0039-1,
C2047,
C2048,
C2048-1,
EC001,
EC002,
EC003,
EC003-1,
EC004,
EC005,
EC006,
EC007,
EC008,
EC009,
EC100,
EC101,
EC102,
EC105,
EC106,
EC107,
F1101,
F1102,
F1103,
F1301,
F1302,
F2114,
F3102,
F3112,
F3118,
F3126,
F4396-F3391-blue91,
F4396-F3391-red96,
F4398,
K12311-G,
K12311-S,
M0004,
M0004-1,
M0005,
M0007,
M1005,
M1008,
M1008-1,
M1015,
M1016,
M1017,
M1018,
M1019,
M1023,
M2001,
M2001-P2004-01red,
M2001-P2004-04green,
M2004,
M2004-1,
M2005,
M2005-1,
M2009,
M2009-1,
M2010,
M2014,
P0001,
P0003,
P0003-1,
P0006,
P1001,
P1001-1,
P1009-P3001-01star,
P1009-P3001-09shell,
P1015,
P2004,
QNW2036,
QNW2036-1,
QNW2036-EC102-E,
QNW2036-EC102-Q,
bracelet-1,
bracelet-18mm,
bracelet-2,
bracelet-20mm,
bracelet-3,
bracelet-4,
c0021-1,
coin-g,
coin-s,
fba-A4020,
fba-EC002,
fba-EC009,
fba-EC100,
fba-P0003,
fba-QNW2036-EC102-Q,
k12325,
k13734-gold,
k13743-black,
k13743-orange,
k13743-pink,
k13743-yellow,
k13768-gold,
k13768-rose-gold,
k13768-silver,
k13770-gold,
k13776-orange,
k13789-gold,
k13806-gold,
k13806-rose-gold,
k13814-ancient-gold,
k13814-gold,
k13814-silver,
k13860,
k13862-black,
k13873-gold,
k13873-silver,
k13875-black,
k13895-brown,
k13895-pink,
k13896-green,
k13922-gold,
k13922-gold-black,
k13922-silver,
k13931-black,
k13931-orange,
k13931-pink,
k13931-yellow,
k13983-brown,
k13992-light-blue,
k13992-light-green,
k14013-gold,
k14013-silver,
k14063-green,
k14063-purple,
k14067,
k14114-silver,
k14136,
k14181-green,
k14181-pink,
k14248-golden,
nc-mario-01,
ns-superman,
pearl-1,
qnw2151,
qnw6109-black,
qnw6109-brown,
qnw8101-black,
qnw8101-brown,
C2049,
F2103,
F2111,
F3116,
K13810-G,
K13810-S,
K13913,
fba-A1006,
fba-A1020,
fba-A1040,
fba-A1048,
fba-A2016,
fba-A2043,
fba-A5006,
fba-C0024,
fba-EC001,
fba-EC101,
fba-EC107,
fba-M0004,
fba-M1008,
fba-M1017,
fba-M2001,
fba-M2005-1,
fba-M2010,
fba-P1001,
fba-P1015,
k13734-silver,
k13739-brown,
k13739-red,
k13770-silver,
k13776-blue,
k13776-green,
k13776-pink,
k13776-white,
k13789-silver,
k13798-green,
k13798-red,
k13806-antique-silver,
k13806-silver,
k13862-gold,
k13862-silver,
k13875-blue,
k13875-gold,
k13895-blue,
k13895-green,
k13896-blue,
k13896-red,
k13904-gold,
k13904-rose-gold,
k13904-silver,
k13905-blue,
k13905-grey,
k13905-red,
k13959-pink,
k13959-red,
k13983-black,
k13987-blue,
k13987-green,
k13987-pink,
k13987-red,
k13992-brown,
k13992-light-pink,
k14063-pink,
k14114-gold,
k14155-green,
k14155-pink,
k14248-silver,
,
,
,
,
,
,
,
,
,
,
,
,
,
,
,
,
,
,
,
,
,
,
,
,
,
,
,
,
,
,
,
,
,
,
,
,
,
,
,
,
,
,
,
,
,
,
,
,
,
,
,
,
,
,
,
,
,
,
,
,
,
,
,
,
,
,
,
,
,
,
,
,
,
,
,
,
,
,
,
,
,
,
,
,
,
,
,
,
,
,
,
,
,
,
,
,
,
,
,
,
,
,
,
,
,
,
,
,
,
,
,
,
,
,
,
,
,
,
,
,
,
,
,
,
,
,
,
,
,
,
,
,
,
,
,
,
,
,
,
,
,
,
,
,
,
,
,
,
,
,
,
,
,
,
,
,
,
,
,
,
,
,
,
,
,
,
,
,
,
,
,
,
,
,
,
,
,
,
,
,
,
,
,
,
,
,
,
,
,
,
,
,
,
,
,
,
,
,
,
,
,
,
,
,
,
,
,
,
,
,
,
,
,
,
,
,
,
,
,
,
,
,
,
,
,
,
,
,
,
,
,
,
,
,
,
,
,
,
,
,
,
,
,
,
,
,
,
,
,
,
,
,
,
,
,
,
,
,
,
,
,
,
,
,
,
,
,
,
,
,
,
,
,
,
,
,
,
,
,
,
,
,
,
,
,
,
,
,
,
,
,
,
,
,
,
,
,
,
,
,
,
,
,
,
,
,
,
,
,
,
,
,
,
,
,
,
,
,
,
,
,
,
,
,
,
,
,
,
,
,
,
,
,
,
,
,
,
,
,
,
,
,
,
,
,
,
,
,
,
,
,
,
,
,
,
,
,
,
,
,
,
,
,
,
,
,
,
,
,
,
,
,
,
,
,
,
,
,
,
,
,
,
,
,
,
,
,
,
,
,
,
,
,
,
,
,
,
,
,
,
,
,
,
,
,
,
,
,
,
,
,
,
,
,
,
,
,
,
,
,
,
,
,
,
,
,
,
,
,
,
,
,
,
,
,
,
,
,
,
,
,
,
,
,
,
,
,
,
,
,
,
,
,
,
,
,
,
,
,
,
,
,
,
,
,
,
,
,
,
,
,
,
,
,
,
,
,
,
,
,
,
,
,
,
,
,
,
,
,
,
,
,
,
,
,
,
,
,
,
,
,
,
,
,
,
,
,
,
,
,
,
,
,
,
,
,
,
,
,
,
,
,
,
,
,
,
,
,
,
,
,
,
,
,
,
,
,
,
,
,
,
,
,
,
,
,
,
,
,
,
,
,
,
,
,
,
,
,
,
,
,
,
,
,
,
,
,
,
,
,
,
,
,
,
,
,
,
,
,
,
,
,
,
,
,
,
,
,
,
,
,
,
,
,
,
,
,
,
,
,
,
,
,
,
,
,
,
,
,
,
,
,
,
,
,
,
,
,
,
,
,
,
,
,
,
,
,
,
,
,
,
,
,
,
,
,
,
,
,
,
,
,
,
,
,
,
,
,
,
,
,
,
,
,
,
,
,
,
,
,
,
,
,
,
,
,
,
,
,
,
,
,
,
,
,
,
,
,
,
,
,
,
,
,
,
,
,
,
,
,
,
,
,
,
,
,
,
,
,
,
,
,
,
,
,
,
,
,
,
,
,
,
,
,
,
,
,
,
,
,
,
,
,
,
,
,
,
,
,
,
,
,
,
,
,
,
,
,
,
,
,
,
,
,
,
,
,
,
,
,
,
,
,
,
,
,
,
,
,
,
,
,
,
,
,
,
,
,
,
,
,
,
,
,
,
,
,
,
,
,
,
,
,
,
,
,
,
,
,
,
,
,
,
,
,
,
,
,
,
,
,
,
,
,
,
,
,
,
,
,
,
,
,
,
,
,
,
,
,
,
,
,
,
,
,
,
,
,
,
,
,
,
,
,
,
,
,
,
,
,
,
,
,
,
,
,
,
,
,
,
,
,
,
,
,
,
,
,
,
,
,
,
,
,
,
,
,
,
,
,
,
,
,
,
,
,
,
,
,
,
,
,
,
,
,
,
,
,
,
,
,
,
,
,
,
,
,
,
,
,
,
,
,
,
,
,
,
,
,
,
,
,
,
,
,
,
,
,
,
,
,
,
,
,
,
,
,
,
,
,
,
,
,
,
,
,
,
,
,
,
,
,
,
,
,
,
,
,
,
,
,
,
,
,
,
,
